{
    "n": 100,
    "height": {
        "mu": 1.9799999999999986,
        "var": 1.1594712014791453
    },
    "total_branch_length": {
        "mu": 10.354755035279235,
        "var": 6.539535600739626
    }
}