{
    "n": 10,
    "height": {
        "mu": 1.7999999999999998,
        "var": 1.158141849332326
    },
    "total_branch_length": {
        "mu": 5.657936507936507,
        "var": 6.15907092466616
    }
}