{
    "n": 10,
    "height": {
        "mu": 1.8101209872237025,
        "var": 1.158181290927271
    },
    "total_branch_length": {
        "mu": 5.684848942642521,
        "var": 6.192860493984546
    }
}