scenario,default,block_counting
1_epoch_dirac_n_6_psi_0_5_c_50,0.006639003753662109,0.017162322998046875
