scenario,default,block_counting
1_epoch_beta_n_6_alpha_1_9,0.004006147384643555,0.011959075927734375
