scenario,default,block_counting
1_epoch_n_4,0.001641988754272461,0.0020318031311035156
