scenario,default,block_counting
1_epoch_dirac_n_2_psi_0_5_c_0,0.001222848892211914,0.0007061958312988281
