scenario,default,block_counting
1_epoch_dirac_n_6_psi_0_5_c_1,0.006392955780029297,0.0165708065032959
