scenario,default,block_counting
1_epoch_beta_n_6_alpha_1_999,0.0038900375366210938,0.011872053146362305
