scenario,default,block_counting
1_epoch_dirac_n_5_psi_1_c_50,0.004580974578857422,0.007711887359619141
