scenario,default,block_counting
1_epoch_dirac_n_6_psi_1_c_1,0.006432056427001953,0.016506195068359375
