scenario,default,block_counting
1_epoch_n_2_test_size,0.0008797645568847656,0.00046372413635253906
