scenario,default,block_counting
1_epoch_beta_n_6_alpha_1_1,0.0038938522338867188,0.01178884506225586
