scenario,default,block_counting
1_epoch_dirac_n_2_psi_0_5_c_1,0.00121307373046875,0.0006859302520751953
