scenario,default,block_counting
1_epoch_beta_n_6_alpha_1_7,0.004842042922973633,0.012285947799682617
