scenario,default,block_counting
1_epoch_beta_n_2_alpha_1_5,0.000942230224609375,0.000560760498046875
