scenario,default,block_counting
1_epoch_dirac_n_6_psi_0_5_c_0,0.005556344985961914,0.013752937316894531
