scenario,default,block_counting
1_epoch_beta_n_2_alpha_1_999,0.0010128021240234375,0.0005800724029541016
