scenario,default,block_counting
1_epoch_beta_n_2_alpha_1_9,0.001383066177368164,0.0007810592651367188
