scenario,default,block_counting
1_epoch_n_2,0.0008871555328369141,0.0004611015319824219
