scenario,default,block_counting
2_epoch_n_2,0.0038900375366210938,0.0014030933380126953
