scenario,default,block_counting
2_epoch_rapid_decline_n_2,0.0009891986846923828,0.00047898292541503906
