scenario,default,block_counting
2_epoch_rapid_decline_n_5,0.002176046371459961,0.003779172897338867
