scenario,default,block_counting
2_epoch_n_5,0.0022368431091308594,0.0037822723388671875
