scenario,default,block_counting
2_epoch_2_pops_n_5,0.021489858627319336,0.06308197975158691
