scenario,default,block_counting
3_epoch_extreme_bottleneck_n_5,0.0022118091583251953,0.0038330554962158203
