scenario,default,block_counting
3_epoch_2_pops_n_5,0.020766019821166992,0.062113046646118164
