scenario,default,block_counting
4_epoch_up_down_n_2,0.0009317398071289062,0.0004639625549316406
