scenario,default,block_counting
4_epoch_up_down_n_10,0.016905784606933594,0.12940073013305664
