{
  "name": "1_epoch_2_pops_n_4_jsfs",
  "method": "moments island-model equilibrium (n_int=16, tf=40.0)",
  "n": {
    "pop_0": 2,
    "pop_1": 2
  },
  "pop_sizes": {
    "pop_0": 1.0,
    "pop_1": 1.5
  },
  "migration_rates": [
    [
      "pop_0",
      "pop_1",
      0.75
    ],
    [
      "pop_1",
      "pop_0",
      0.75
    ]
  ],
  "jsfs": [
    [
      0.0,
      0.28906174590161515,
      0.08639296764905986
    ],
    [
      0.24643786920376384,
      0.1106131105308761,
      0.07398165492086026
    ],
    [
      0.09596425506598137,
      0.0975483967278434,
      0.0
    ]
  ]
}