{
  "name": "1_epoch_2_pops_n_8_jsfs",
  "method": "moments island-model equilibrium (n_int=18, tf=40.0)",
  "n": {
    "pop_0": 4,
    "pop_1": 4
  },
  "pop_sizes": {
    "pop_0": 1.0,
    "pop_1": 1.5
  },
  "migration_rates": [
    [
      "pop_0",
      "pop_1",
      0.75
    ],
    [
      "pop_1",
      "pop_0",
      0.75
    ]
  ],
  "jsfs": [
    [
      0.0,
      0.20927010612217828,
      0.07708917081030325,
      0.033309268135931734,
      0.012951948598311712
    ],
    [
      0.16209927439295613,
      0.05225001797558442,
      0.03408987349596704,
      0.02253490357082921,
      0.013477768841728952
    ],
    [
      0.06497543298957198,
      0.035067938030770573,
      0.026917377832049862,
      0.02103137759053159,
      0.016211046732511485
    ],
    [
      0.031944087137682944,
      0.025900980937286752,
      0.023683453144063647,
      0.02154963293197024,
      0.020899886148244413
    ],
    [
      0.016230655869900038,
      0.02076603926232008,
      0.025819006339763202,
      0.031930753109542444,
      0.0
    ]
  ]
}