{
  "name": "1_epoch_2_pops_n_6_asym_jsfs",
  "method": "moments island-model equilibrium (n_int=19, tf=40.0)",
  "n": {
    "pop_0": 5,
    "pop_1": 1
  },
  "pop_sizes": {
    "pop_0": 1.0,
    "pop_1": 0.5
  },
  "migration_rates": [
    [
      "pop_0",
      "pop_1",
      1.0
    ],
    [
      "pop_1",
      "pop_0",
      0.25
    ]
  ],
  "jsfs": [
    [
      0.0,
      0.11477183305943274
    ],
    [
      0.33679674396042286,
      0.06762627908395849
    ],
    [
      0.15082679777954427,
      0.060842886943362914
    ],
    [
      0.08355017384013246,
      0.05784408397371249
    ],
    [
      0.04747180340998665,
      0.056149519579294524
    ],
    [
      0.02411987837015267,
      0.0
    ]
  ]
}