{
  "name": "1_epoch_2_pops_n_6_jsfs",
  "method": "moments island-model equilibrium (n_int=17, tf=40.0)",
  "n": {
    "pop_0": 3,
    "pop_1": 3
  },
  "pop_sizes": {
    "pop_0": 1.0,
    "pop_1": 1.5
  },
  "migration_rates": [
    [
      "pop_0",
      "pop_1",
      0.5
    ],
    [
      "pop_1",
      "pop_0",
      1.0
    ]
  ],
  "jsfs": [
    [
      0.0,
      0.2631140547186293,
      0.08398100491703092,
      0.026105609200479978
    ],
    [
      0.1845416419716252,
      0.06545491878437595,
      0.0392327701228302,
      0.021605039657343963
    ],
    [
      0.06885254300250469,
      0.046603696724059805,
      0.036546864579234235,
      0.027836664295529483
    ],
    [
      0.03444932068255995,
      0.0454103395947151,
      0.05626553174908127,
      0.0
    ]
  ]
}