{
    "n": 100,
    "height": {
        "mu": 1.9640035908384739,
        "var": 1.1474039748590796
    },
    "total_branch_length": {
        "mu": 10.335343322449006,
        "var": 6.458897375710556
    }
}